{
  "schema_name": "ContractSummary",
  "description": "Structured contract summary schema.",
  "json_schema": {
    "type": "object",
    "properties": {
      "parties": {
        "type": "array",
        "items": {
          "type": "string"
        }
      },
      "effective_date": {
        "type": "string"
      },
      "term": {
        "type": "string"
      },
      "governing_law": {
        "type": "string"
      },
      "payment_terms": {
        "type": "string"
      },
      "termination": {
        "type": "string"
      },
      "obligations": {
        "type": "array",
        "items": {
          "type": "string"
        }
      },
      "key_risks": {
        "type": "array",
        "items": {
          "type": "string"
        }
      },
      "summary_bullets": {
        "type": "array",
        "items": {
          "type": "string"
        }
      }
    },
    "required": [
      "parties",
      "summary_bullets"
    ]
  },
  "few_shot_examples": [
    {
      "input": "This Service Agreement between Acme Corp and Beta LLC...",
      "output": {
        "parties": [
          "Acme Corp",
          "Beta LLC"
        ],
        "effective_date": "2025-01-01",
        "term": "12 months",
        "governing_law": "Delaware",
        "payment_terms": "Net 30",
        "termination": "Either party may terminate with 30 days notice.",
        "obligations": [
          "Acme provides hosting",
          "Beta pays monthly fee"
        ],
        "key_risks": [
          "Auto-renewal",
          "Broad indemnity"
        ],
        "summary_bullets": [
          "SaaS for 12 months",
          "Net 30 payments",
          "30-day termination notice"
        ]
      }
    }
  ]
}